recognitionTarget,source
繁盛,N1 2010-07 言語知識 問題1
契約,N1 2010-07 言語知識 問題1
潤って,N1 2010-07 言語知識 問題1
手薄,N1 2010-07 言語知識 問題1
壊されて,N1 2010-07 言語知識 問題1
華々しく,N1 2010-07 言語知識 問題1
静止,N1 2010-07 言語知識 問題2
成就,N1 2010-07 言語知識 問題2
完結,N1 2010-07 言語知識 問題2
終息,N1 2010-07 言語知識 問題2
キープ,N1 2010-07 言語知識 問題2
フォロー,N1 2010-07 言語知識 問題2
マッチ,N1 2010-07 言語知識 問題2
アップ,N1 2010-07 言語知識 問題2
切望,N1 2010-07 言語知識 問題2
欲望,N1 2010-07 言語知識 問題2
念願,N1 2010-07 言語知識 問題2
志願,N1 2010-07 言語知識 問題2
本音,N1 2010-07 言語知識 問題2
本気,N1 2010-07 言語知識 問題2
弱音,N1 2010-07 言語知識 問題2
弱気,N1 2010-07 言語知識 問題2
しんなり,N1 2010-07 言語知識 問題2
やんわり,N1 2010-07 言語知識 問題2
うんざり,N1 2010-07 言語知識 問題2
ひんやり,N1 2010-07 言語知識 問題2
自,N1 2010-07 言語知識 問題2
主,N1 2010-07 言語知識 問題2
実,N1 2010-07 言語知識 問題2
当,N1 2010-07 言語知識 問題2
零細な,N1 2010-07 言語知識 問題2
綿密な,N1 2010-07 言語知識 問題2
繊細な,N1 2010-07 言語知識 問題2
濃密な,N1 2010-07 言語知識 問題2
ルーズ,N1 2010-07 言語知識 問題3
ずうずうしい,N1 2010-07 言語知識 問題3
だらしない,N1 2010-07 言語知識 問題3
うるさい,N1 2010-07 言語知識 問題3
よわい,N1 2010-07 言語知識 問題3
なじんで,N1 2010-07 言語知識 問題3
恵まれて,N1 2010-07 言語知識 問題3
逆らって,N1 2010-07 言語知識 問題3
飽きて,N1 2010-07 言語知識 問題3
慣れて,N1 2010-07 言語知識 問題3
張り合っている,N1 2010-07 言語知識 問題3
競争して,N1 2010-07 言語知識 問題3
応援して,N1 2010-07 言語知識 問題3
無視して,N1 2010-07 言語知識 問題3
尊重して,N1 2010-07 言語知識 問題3
朗報,N1 2010-07 言語知識 問題3
意外な知らせ,N1 2010-07 言語知識 問題3
うれしい知らせ,N1 2010-07 言語知識 問題3
大切な知らせ,N1 2010-07 言語知識 問題3
めずらしい知らせ,N1 2010-07 言語知識 問題3
わずらわしい,N1 2010-07 言語知識 問題3
地味な,N1 2010-07 言語知識 問題3
苦手な,N1 2010-07 言語知識 問題3
面倒な,N1 2010-07 言語知識 問題3
退屈な,N1 2010-07 言語知識 問題3
いやみ,N1 2010-07 言語知識 問題3
不平,N1 2010-07 言語知識 問題3
冗談,N1 2010-07 言語知識 問題3
愚痴,N1 2010-07 言語知識 問題3
皮肉,N1 2010-07 言語知識 問題3
密集,N1 2010-07 言語知識 問題4
潔い,N1 2010-07 言語知識 問題4
発足,N1 2010-07 言語知識 問題4
にぎわう,N1 2010-07 言語知識 問題4
ひとまず,N1 2010-07 言語知識 問題4
満喫,N1 2010-07 言語知識 問題4
本筋,N1 2010-12 言語知識 問題1
伴奏,N1 2010-12 言語知識 問題1
推理,N1 2010-12 言語知識 問題1
極めて,N1 2010-12 言語知識 問題1
練って,N1 2010-12 言語知識 問題1
締めた,N1 2010-12 言語知識 問題1
投じた,N1 2010-12 言語知識 問題2
配送した,N1 2010-12 言語知識 問題2
報じた,N1 2010-12 言語知識 問題2
配布した,N1 2010-12 言語知識 問題2
及ぼす,N1 2010-12 言語知識 問題2
授ける,N1 2010-12 言語知識 問題2
費やす,N1 2010-12 言語知識 問題2
掲げる,N1 2010-12 言語知識 問題2
ベテラン,N1 2010-12 言語知識 問題2
ポジション,N1 2010-12 言語知識 問題2
ステータス,N1 2010-12 言語知識 問題2
キャリア,N1 2010-12 言語知識 問題2
上,N1 2010-12 言語知識 問題2
面,N1 2010-12 言語知識 問題2
側,N1 2010-12 言語知識 問題2
内,N1 2010-12 言語知識 問題2
しとやかに,N1 2010-12 言語知識 問題2
しなやかに,N1 2010-12 言語知識 問題2
円滑に,N1 2010-12 言語知識 問題2
急性に,N1 2010-12 言語知識 問題2
収束,N1 2010-12 言語知識 問題2
結束,N1 2010-12 言語知識 問題2
親密,N1 2010-12 言語知識 問題2
緊密,N1 2010-12 言語知識 問題2
背景,N1 2010-12 言語知識 問題2
根源,N1 2010-12 言語知識 問題2
後援,N1 2010-12 言語知識 問題2
発端,N1 2010-12 言語知識 問題2
まばらだった,N1 2010-12 言語知識 問題3
多かった,N1 2010-12 言語知識 問題3
少なかった,N1 2010-12 言語知識 問題3
まじめだった,N1 2010-12 言語知識 問題3
ふまじめだった,N1 2010-12 言語知識 問題3
どんよりした,N1 2010-12 言語知識 問題3
曇っていて暗かった,N1 2010-12 言語知識 問題3
晴れていて明るかった,N1 2010-12 言語知識 問題3
風が吹いて涼しかった,N1 2010-12 言語知識 問題3
雨が降って蒸し暑かった,N1 2010-12 言語知識 問題3
丹念に,N1 2010-12 言語知識 問題3
ぼうっと,N1 2010-12 言語知識 問題3
ちらっと,N1 2010-12 言語知識 問題3
じっくりと,N1 2010-12 言語知識 問題3
ざっと,N1 2010-12 言語知識 問題3
はかどっている,N1 2010-12 言語知識 問題3
予想外に遅れている,N1 2010-12 言語知識 問題3
順調に進んでいる,N1 2010-12 言語知識 問題3
徐々に減っている,N1 2010-12 言語知識 問題3
急激に増えている,N1 2010-12 言語知識 問題3
見合わせる,N1 2010-12 言語知識 問題3
承認する,N1 2010-12 言語知識 問題3
実施する,N1 2010-12 言語知識 問題3
変更する,N1 2010-12 言語知識 問題3
中止する,N1 2010-12 言語知識 問題3
やむをえず,N1 2010-12 言語知識 問題3
しかたなく,N1 2010-12 言語知識 問題3
まもなく,N1 2010-12 言語知識 問題3
思いがけなく,N1 2010-12 言語知識 問題3
限りなく,N1 2010-12 言語知識 問題3
調達,N1 2010-12 言語知識 問題4
細心,N1 2010-12 言語知識 問題4
意地,N1 2010-12 言語知識 問題4
めきめき,N1 2010-12 言語知識 問題4
目先,N1 2010-12 言語知識 問題4
見落とす,N1 2010-12 言語知識 問題4
利益,N1 2011-07 言語知識 問題1
逃れた,N1 2011-07 言語知識 問題1
考慮,N1 2011-07 言語知識 問題1
遮る,N1 2011-07 言語知識 問題1
根拠,N1 2011-07 言語知識 問題1
肝心,N1 2011-07 言語知識 問題1
ぐるみ,N1 2011-07 言語知識 問題2
がらみ,N1 2011-07 言語知識 問題2
まみれ,N1 2011-07 言語知識 問題2
ずくめ,N1 2011-07 言語知識 問題2
舞う,N1 2011-07 言語知識 問題2
弾む,N1 2011-07 言語知識 問題2
転がる,N1 2011-07 言語知識 問題2
跳ねる,N1 2011-07 言語知識 問題2
実情,N1 2011-07 言語知識 問題2
実況,N1 2011-07 言語知識 問題2
実権,N1 2011-07 言語知識 問題2
実在,N1 2011-07 言語知識 問題2
玄人,N1 2011-07 言語知識 問題2
大家,N1 2011-07 言語知識 問題2
巨匠,N1 2011-07 言語知識 問題2
逸材,N1 2011-07 言語知識 問題2
不穏,N1 2011-07 言語知識 問題2
不当,N1 2011-07 言語知識 問題2
不備,N1 2011-07 言語知識 問題2
不順,N1 2011-07 言語知識 問題2
回復,N1 2011-07 言語知識 問題2
修復,N1 2011-07 言語知識 問題2
復旧,N1 2011-07 言語知識 問題2
復興,N1 2011-07 言語知識 問題2
深み,N1 2011-07 言語知識 問題2
強み,N1 2011-07 言語知識 問題2
高み,N1 2011-07 言語知識 問題2
重み,N1 2011-07 言語知識 問題2
画期的な,N1 2011-07 言語知識 問題3
広く知られている,N1 2011-07 言語知識 問題3
最近ではめずらしい,N1 2011-07 言語知識 問題3
非常に時間がかかる,N1 2011-07 言語知識 問題3
今までになく新しい,N1 2011-07 言語知識 問題3
もくろんで,N1 2011-07 言語知識 問題3
計画して,N1 2011-07 言語知識 問題3
果たして,N1 2011-07 言語知識 問題3
開始して,N1 2011-07 言語知識 問題3
あきらめて,N1 2011-07 言語知識 問題3
手がかり,N1 2011-07 言語知識 問題3
イメージ,N1 2011-07 言語知識 問題3
サポート,N1 2011-07 言語知識 問題3
チャンス,N1 2011-07 言語知識 問題3
ヒント,N1 2011-07 言語知識 問題3
にわかには,N1 2011-07 言語知識 問題3
すぐには,N1 2011-07 言語知識 問題3
完全には,N1 2011-07 言語知識 問題3
すなおには,N1 2011-07 言語知識 問題3
簡単には,N1 2011-07 言語知識 問題3
重宝している,N1 2011-07 言語知識 問題3
以前より値上がりしている,N1 2011-07 言語知識 問題3
形が気に入っている,N1 2011-07 言語知識 問題3
評価が高まっている,N1 2011-07 言語知識 問題3
便利で役に立っている,N1 2011-07 言語知識 問題3
シビアだ,N1 2011-07 言語知識 問題3
弱気だ,N1 2011-07 言語知識 問題3
厳しい,N1 2011-07 言語知識 問題3
柔軟だ,N1 2011-07 言語知識 問題3
注意深い,N1 2011-07 言語知識 問題3
連携,N1 2011-07 言語知識 問題4
不服,N1 2011-07 言語知識 問題4
かなう,N1 2011-07 言語知識 問題4
目覚ましい,N1 2011-07 言語知識 問題4
ほどける,N1 2011-07 言語知識 問題4
赴任,N1 2011-07 言語知識 問題4
鈍って,N1 2011-12 言語知識 問題1
漠然,N1 2011-12 言語知識 問題1
閲覧,N1 2011-12 言語知識 問題1
釈明,N1 2011-12 言語知識 問題1
合併,N1 2011-12 言語知識 問題1
兆し,N1 2011-12 言語知識 問題1
猛,N1 2011-12 言語知識 問題2
強,N1 2011-12 言語知識 問題2
頑,N1 2011-12 言語知識 問題2
厳,N1 2011-12 言語知識 問題2
無残,N1 2011-12 言語知識 問題2
無謀,N1 2011-12 言語知識 問題2
無実,N1 2011-12 言語知識 問題2
無念,N1 2011-12 言語知識 問題2
核心,N1 2011-12 言語知識 問題2
真心,N1 2011-12 言語知識 問題2
会心,N1 2011-12 言語知識 問題2
気心,N1 2011-12 言語知識 問題2
センス,N1 2011-12 言語知識 問題2
キャラクター,N1 2011-12 言語知識 問題2
ニュアンス,N1 2011-12 言語知識 問題2
インスピレーション,N1 2011-12 言語知識 問題2
同調,N1 2011-12 言語知識 問題2
並列,N1 2011-12 言語知識 問題2
同伴,N1 2011-12 言語知識 問題2
並行,N1 2011-12 言語知識 問題2
抽選,N1 2011-12 言語知識 問題2
摘出,N1 2011-12 言語知識 問題2
採取,N1 2011-12 言語知識 問題2
抜粋,N1 2011-12 言語知識 問題2
キープ,N1 2011-12 言語知識 問題2
チャージ,N1 2011-12 言語知識 問題2
ストック,N1 2011-12 言語知識 問題2
シェプ,N1 2011-12 言語知識 問題2
ありきたりの,N1 2011-12 言語知識 問題3
的確な,N1 2011-12 言語知識 問題3
平凡,N1 2011-12 言語知識 問題3
積極的な,N1 2011-12 言語知識 問題3
否定的な,N1 2011-12 言語知識 問題3
歴然としている,N1 2011-12 言語知識 問題3
以前と変わらない,N1 2011-12 言語知識 問題3
ほとんどない,N1 2011-12 言語知識 問題3
以前より大きくなっている,N1 2011-12 言語知識 問題3
はっきりしている,N1 2011-12 言語知識 問題3
極力,N1 2011-12 言語知識 問題3
少しずつ,N1 2011-12 言語知識 問題3
大幅に,N1 2011-12 言語知識 問題3
できる限り,N1 2011-12 言語知識 問題3
真っ先に,N1 2011-12 言語知識 問題3
落胆した,N1 2011-12 言語知識 問題3
びっくりした,N1 2011-12 言語知識 問題3
がっかりした,N1 2011-12 言語知識 問題3
動揺した,N1 2011-12 言語知識 問題3
疑問を持った,N1 2011-12 言語知識 問題3
あっけない,N1 2011-12 言語知識 問題3
意外につまらない,N1 2011-12 言語知識 問題3
意外におもしろい,N1 2011-12 言語知識 問題3
予想通りつまらない,N1 2011-12 言語知識 問題3
予想通りおもしろい,N1 2011-12 言語知識 問題3
コントラスト,N1 2011-12 言語知識 問題3
対比,N1 2011-12 言語知識 問題3
効果,N1 2011-12 言語知識 問題3
繊細,N1 2011-12 言語知識 問題3
豊富さ,N1 2011-12 言語知識 問題3
とっくに,N1 2011-12 言語知識 問題4
まちまち,N1 2011-12 言語知識 問題4
ゆとり,N1 2011-12 言語知識 問題4
配布,N1 2011-12 言語知識 問題4
質素,N1 2011-12 言語知識 問題4
見失う,N1 2011-12 言語知識 問題4
群衆,N1 2012-07 言語知識 問題1
覆す,N1 2012-07 言語知識 問題1
克明,N1 2012-07 言語知識 問題1
心地,N1 2012-07 言語知識 問題1
踏襲,N1 2012-07 言語知識 問題1
改革,N1 2012-07 言語知識 問題1
リミット,N1 2012-07 言語知識 問題2
ブロック,N1 2012-07 言語知識 問題2
ノルマ,N1 2012-07 言語知識 問題2
ハードル,N1 2012-07 言語知識 問題2
大筋,N1 2012-07 言語知識 問題2
大幅,N1 2012-07 言語知識 問題2
大口,N1 2012-07 言語知識 問題2
大台,N1 2012-07 言語知識 問題2
刷,N1 2012-07 言語知識 問題2
刊,N1 2012-07 言語知識 問題2
誌,N1 2012-07 言語知識 問題2
版,N1 2012-07 言語知識 問題2
究明,N1 2012-07 言語知識 問題2
釈明,N1 2012-07 言語知識 問題2
察知,N1 2012-07 言語知識 問題2
探知,N1 2012-07 言語知識 問題2
悩ましい,N1 2012-07 言語知識 問題2
疑わしい,N1 2012-07 言語知識 問題2
まぎらわしい,N1 2012-07 言語知識 問題2
わずらわしい,N1 2012-07 言語知識 問題2
変換,N1 2012-07 言語知識 問題2
転換,N1 2012-07 言語知識 問題2
細工,N1 2012-07 言語知識 問題2
加工,N1 2012-07 言語知識 問題2
施されて,N1 2012-07 言語知識 問題2
催されて,N1 2012-07 言語知識 問題2
設けられて,N1 2012-07 言語知識 問題2
挙げられて,N1 2012-07 言語知識 問題2
触発されて,N1 2012-07 言語知識 問題3
指導を受けて,N1 2012-07 言語知識 問題3
刺激を受けて,N1 2012-07 言語知識 問題3
援助を受けて,N1 2012-07 言語知識 問題3
評価を受けて,N1 2012-07 言語知識 問題3
すがすがしい,N1 2012-07 言語知識 問題3
ほっとした,N1 2012-07 言語知識 問題3
興奮した,N1 2012-07 言語知識 問題3
さわやかな,N1 2012-07 言語知識 問題3
真剣な,N1 2012-07 言語知識 問題3
簡素な,N1 2012-07 言語知識 問題3
クールな,N1 2012-07 言語知識 問題3
モダンな,N1 2012-07 言語知識 問題3
ユニークな,N1 2012-07 言語知識 問題3
シンプルな,N1 2012-07 言語知識 問題3
ひそかに,N1 2012-07 言語知識 問題3
こっそり,N1 2012-07 言語知識 問題3
張り切って,N1 2012-07 言語知識 問題3
のんびり,N1 2012-07 言語知識 問題3
急いで,N1 2012-07 言語知識 問題3
断念した,N1 2012-07 言語知識 問題3
きめた,N1 2012-07 言語知識 問題3
あきらめた,N1 2012-07 言語知識 問題3
ことわった,N1 2012-07 言語知識 問題3
のぞんだ,N1 2012-07 言語知識 問題3
おのずと,N1 2012-07 言語知識 問題3
だんだん,N1 2012-07 言語知識 問題3
はっきり,N1 2012-07 言語知識 問題3
自然に,N1 2012-07 言語知識 問題3
絶対に,N1 2012-07 言語知識 問題3
免除,N1 2012-07 言語知識 問題4
ブランク,N1 2012-07 言語知識 問題4
怠る,N1 2012-07 言語知識 問題4
見込み,N1 2012-07 言語知識 問題4
満たない,N1 2012-07 言語知識 問題4
有数,N1 2012-07 言語知識 問題4
愚か,N1 2013-07 言語知識 問題1
巧妙,N1 2013-07 言語知識 問題1
憩い,N1 2013-07 言語知識 問題1
需要,N1 2013-07 言語知識 問題1
緩和,N1 2013-07 言語知識 問題1
跡地,N1 2013-07 言語知識 問題1
積み立てて,N1 2013-07 言語知識 問題2
引き落として,N1 2013-07 言語知識 問題2
立て替えて,N1 2013-07 言語知識 問題2
差し引いて,N1 2013-07 言語知識 問題2
依存,N1 2013-07 言語知識 問題2
一任,N1 2013-07 言語知識 問題2
従属,N1 2013-07 言語知識 問題2
委託,N1 2013-07 言語知識 問題2
ひたむきに,N1 2013-07 言語知識 問題2
むしょうに,N1 2013-07 言語知識 問題2
かたくなに,N1 2013-07 言語知識 問題2
いちずに,N1 2013-07 言語知識 問題2
強硬に,N1 2013-07 言語知識 問題2
果敢に,N1 2013-07 言語知識 問題2
無謀に,N1 2013-07 言語知識 問題2
堅実に,N1 2013-07 言語知識 問題2
頭,N1 2013-07 言語知識 問題2
肩,N1 2013-07 言語知識 問題2
荷,N1 2013-07 言語知識 問題2
職,N1 2013-07 言語知識 問題2
障る,N1 2013-07 言語知識 問題2
及ぶ,N1 2013-07 言語知識 問題2
絡む,N1 2013-07 言語知識 問題2
逆らう,N1 2013-07 言語知識 問題2
からっと,N1 2013-07 言語知識 問題2
しっとり,N1 2013-07 言語知識 問題2
じめじめ,N1 2013-07 言語知識 問題2
がさがさ,N1 2013-07 言語知識 問題2
従来の,N1 2013-07 言語知識 問題3
長期的な,N1 2013-07 言語知識 問題3
これまでの,N1 2013-07 言語知識 問題3
これからの,N1 2013-07 言語知識 問題3
短期的な,N1 2013-07 言語知識 問題3
あらかじめ,N1 2013-07 言語知識 問題3
早急に,N1 2013-07 言語知識 問題3
まとめて,N1 2013-07 言語知識 問題3
改めて,N1 2013-07 言語知識 問題3
事前に,N1 2013-07 言語知識 問題3
抜群だった,N1 2013-07 言語知識 問題3
ほかと比べて特に下がった,N1 2013-07 言語知識 問題3
ほかと比べて特に悪かった,N1 2013-07 言語知識 問題3
ほかと比べて特に上がった,N1 2013-07 言語知識 問題3
ほかと比べて特に良かった,N1 2013-07 言語知識 問題3
バックアップ,N1 2013-07 言語知識 問題3
影響,N1 2013-07 言語知識 問題3
支援,N1 2013-07 言語知識 問題3
依頼,N1 2013-07 言語知識 問題3
指示,N1 2013-07 言語知識 問題3
仰天した,N1 2013-07 言語知識 問題3
とても驚いた,N1 2013-07 言語知識 問題3
とても喜んだ,N1 2013-07 言語知識 問題3
深く感動した,N1 2013-07 言語知識 問題3
深く同情した,N1 2013-07 言語知識 問題3
おおむね,N1 2013-07 言語知識 問題3
やっと,N1 2013-07 言語知識 問題3
すこし,N1 2013-07 言語知識 問題3
すぐに,N1 2013-07 言語知識 問題3
だいたい,N1 2013-07 言語知識 問題3
円滑,N1 2013-07 言語知識 問題4
優位,N1 2013-07 言語知識 問題4
かばう,N1 2013-07 言語知識 問題4
加味,N1 2013-07 言語知識 問題4
気配,N1 2013-07 言語知識 問題4
合致,N1 2013-07 言語知識 問題4
躍進,N1 2014-07 言語知識 問題1
遂行,N1 2014-07 言語知識 問題1
凝縮,N1 2014-07 言語知識 問題1
健やか,N1 2014-07 言語知識 問題1
中枢,N1 2014-07 言語知識 問題1
否めない,N1 2014-07 言語知識 問題1
苦境,N1 2014-07 言語知識 問題2
不況,N1 2014-07 言語知識 問題2
支障,N1 2014-07 言語知識 問題2
停滞,N1 2014-07 言語知識 問題2
目まぐるしい,N1 2014-07 言語知識 問題2
限りない,N1 2014-07 言語知識 問題2
極まりない,N1 2014-07 言語知識 問題2
おびただしい,N1 2014-07 言語知識 問題2
絶大,N1 2014-07 言語知識 問題2
膨大,N1 2014-07 言語知識 問題2
偉大,N1 2014-07 言語知識 問題2
強大,N1 2014-07 言語知識 問題2
あゆみ,N1 2014-07 言語知識 問題2
たどり,N1 2014-07 言語知識 問題2
なぞり,N1 2014-07 言語知識 問題2
つたい,N1 2014-07 言語知識 問題2
ウエイト,N1 2014-07 言語知識 問題2
トップ,N1 2014-07 言語知識 問題2
パワー,N1 2014-07 言語知識 問題2
メイン,N1 2014-07 言語知識 問題2
予期,N1 2014-07 言語知識 問題2
見通し,N1 2014-07 言語知識 問題2
見込み,N1 2014-07 言語知識 問題2
予断,N1 2014-07 言語知識 問題2
めきめきと,N1 2014-07 言語知識 問題2
さらさらと,N1 2014-07 言語知識 問題2
てきぱきと,N1 2014-07 言語知識 問題2
すくすくと,N1 2014-07 言語知識 問題2
無償,N1 2014-07 言語知識 問題3
ただで,N1 2014-07 言語知識 問題3
優先的に,N1 2014-07 言語知識 問題3
いつでも,N1 2014-07 言語知識 問題3
予約しなくても,N1 2014-07 言語知識 問題3
打ち込んでいる,N1 2014-07 言語知識 問題3
興味を持っている,N1 2014-07 言語知識 問題3
しつこく誘われている,N1 2014-07 言語知識 問題3
時間をとられている,N1 2014-07 言語知識 問題3
熱心に取り組んでいる,N1 2014-07 言語知識 問題3
ストレート,N1 2014-07 言語知識 問題3
冷静に,N1 2014-07 言語知識 問題3
率直に,N1 2014-07 言語知識 問題3
真剣に,N1 2014-07 言語知識 問題3
慎重に,N1 2014-07 言語知識 問題3
お手上げ,N1 2014-07 言語知識 問題3
大歓迎だ,N1 2014-07 言語知識 問題3
どうしようもない,N1 2014-07 言語知識 問題3
ぜひ働きたい,N1 2014-07 言語知識 問題3
驚きだ,N1 2014-07 言語知識 問題3
格段,N1 2014-07 言語知識 問題3
着実に,N1 2014-07 言語知識 問題3
わずかに,N1 2014-07 言語知識 問題3
大幅に,N1 2014-07 言語知識 問題3
ゆるやかに,N1 2014-07 言語知識 問題3
いたって,N1 2014-07 言語知識 問題3
わりに,N1 2014-07 言語知識 問題3
意外に,N1 2014-07 言語知識 問題3
非常に,N1 2014-07 言語知識 問題3
たしかに,N1 2014-07 言語知識 問題3
一律,N1 2014-07 言語知識 問題4
はがす,N1 2014-07 言語知識 問題4
心構え,N1 2014-07 言語知識 問題4
損なう,N1 2014-07 言語知識 問題4
しがみつく,N1 2014-07 言語知識 問題4
工面,N1 2014-07 言語知識 問題4
概略,N1 2014-12 言語知識 問題1
臨みたい,N1 2014-12 言語知識 問題1
督促,N1 2014-12 言語知識 問題1
漂い,N1 2014-12 言語知識 問題1
厳正,N1 2014-12 言語知識 問題1
拒んで,N1 2014-12 言語知識 問題1
判別,N1 2014-12 言語知識 問題2
採取,N1 2014-12 言語知識 問題2
選出,N1 2014-12 言語知識 問題2
可決,N1 2014-12 言語知識 問題2
かすかな,N1 2014-12 言語知識 問題2
心細い,N1 2014-12 言語知識 問題2
ひそかな,N1 2014-12 言語知識 問題2
心無い,N1 2014-12 言語知識 問題2
投げ出す,N1 2014-12 言語知識 問題2
吸い上げる,N1 2014-12 言語知識 問題2
打ち切る,N1 2014-12 言語知識 問題2
食い止める,N1 2014-12 言語知識 問題2
キャリア,N1 2014-12 言語知識 問題2
ノルマ,N1 2014-12 言語知識 問題2
チーフ,N1 2014-12 言語知識 問題2
コスト,N1 2014-12 言語知識 問題2
異色,N1 2014-12 言語知識 問題2
大差,N1 2014-12 言語知識 問題2
変形,N1 2014-12 言語知識 問題2
遠隔,N1 2014-12 言語知識 問題2
駆使,N1 2014-12 言語知識 問題2
引用,N1 2014-12 言語知識 問題2
充当,N1 2014-12 言語知識 問題2
摂取,N1 2014-12 言語知識 問題2
震え,N1 2014-12 言語知識 問題2
浮かれ,N1 2014-12 言語知識 問題2
揺らぎ,N1 2014-12 言語知識 問題2
乱れ,N1 2014-12 言語知識 問題2
気掛かり,N1 2014-12 言語知識 問題3
残念,N1 2014-12 言語知識 問題3
意外,N1 2014-12 言語知識 問題3
心配,N1 2014-12 言語知識 問題3
不満,N1 2014-12 言語知識 問題3
案の定,N1 2014-12 言語知識 問題3
なぜか,N1 2014-12 言語知識 問題3
やはり,N1 2014-12 言語知識 問題3
あいにく,N1 2014-12 言語知識 問題3
たしか,N1 2014-12 言語知識 問題3
不用意な,N1 2014-12 言語知識 問題3
無駄な,N1 2014-12 言語知識 問題3
不利な,N1 2014-12 言語知識 問題3
無意味な,N1 2014-12 言語知識 問題3
不注意な,N1 2014-12 言語知識 問題3
厄介な,N1 2014-12 言語知識 問題3
面倒な,N1 2014-12 言語知識 問題3
深刻な,N1 2014-12 言語知識 問題3
重要な,N1 2014-12 言語知識 問題3
特殊な,N1 2014-12 言語知識 問題3
回想して,N1 2014-12 言語知識 問題3
反省して,N1 2014-12 言語知識 問題3
考え直して,N1 2014-12 言語知識 問題3
後悔して,N1 2014-12 言語知識 問題3
思い返して,N1 2014-12 言語知識 問題3
手分け,N1 2014-12 言語知識 問題3
分配,N1 2014-12 言語知識 問題3
分担,N1 2014-12 言語知識 問題3
分解,N1 2014-12 言語知識 問題3
分別,N1 2014-12 言語知識 問題3
抱え込む,N1 2014-12 言語知識 問題4
裏腹,N1 2014-12 言語知識 問題4
耐えがたい,N1 2014-12 言語知識 問題4
携わる,N1 2014-12 言語知識 問題4
人一倍,N1 2014-12 言語知識 問題4
復旧,N1 2014-12 言語知識 問題4
添付した,N1 2015-07 言語知識 問題1
慕われる,N1 2015-07 言語知識 問題1
破損,N1 2015-07 言語知識 問題1
承諾,N1 2015-07 言語知識 問題1
淡い,N1 2015-07 言語知識 問題1
画一,N1 2015-07 言語知識 問題1
展開,N1 2015-07 言語知識 問題2
稼働,N1 2015-07 言語知識 問題2
起動,N1 2015-07 言語知識 問題2
運行,N1 2015-07 言語知識 問題2
慌ただしい,N1 2015-07 言語知識 問題2
やかましい,N1 2015-07 言語知識 問題2
勇ましい,N1 2015-07 言語知識 問題2
すさまじい,N1 2015-07 言語知識 問題2
隣接,N1 2015-07 言語知識 問題2
直面,N1 2015-07 言語知識 問題2
近接,N1 2015-07 言語知識 問題2
対面,N1 2015-07 言語知識 問題2
くよくよ,N1 2015-07 言語知識 問題2
のろのろ,N1 2015-07 言語知識 問題2
ひっそり,N1 2015-07 言語知識 問題2
ふんわり,N1 2015-07 言語知識 問題2
よほど,N1 2015-07 言語知識 問題2
いっそう,N1 2015-07 言語知識 問題2
しいて,N1 2015-07 言語知識 問題2
いかにも,N1 2015-07 言語知識 問題2
該当,N1 2015-07 言語知識 問題2
順応,N1 2015-07 言語知識 問題2
相当,N1 2015-07 言語知識 問題2
適応,N1 2015-07 言語知識 問題2
なじんで,N1 2015-07 言語知識 問題2
絡んで,N1 2015-07 言語知識 問題2
おさまって,N1 2015-07 言語知識 問題2
紛れて,N1 2015-07 言語知識 問題2
仕上がったら,N1 2015-07 言語知識 問題3
届いたら,N1 2015-07 言語知識 問題3
売れたら,N1 2015-07 言語知識 問題3
受賞したら,N1 2015-07 言語知識 問題3
完成したら,N1 2015-07 言語知識 問題3
互角,N1 2015-07 言語知識 問題3
徐々に離れている,N1 2015-07 言語知識 問題3
全然違う,N1 2015-07 言語知識 問題3
徐々に近づいている,N1 2015-07 言語知識 問題3
大体同じだ,N1 2015-07 言語知識 問題3
クレーム,N1 2015-07 言語知識 問題3
返品,N1 2015-07 言語知識 問題3
注文,N1 2015-07 言語知識 問題3
苦情,N1 2015-07 言語知識 問題3
質問,N1 2015-07 言語知識 問題3
助言,N1 2015-07 言語知識 問題3
アドバイス,N1 2015-07 言語知識 問題3
インタビュー,N1 2015-07 言語知識 問題3
プレゼン,N1 2015-07 言語知識 問題3
トレーニング,N1 2015-07 言語知識 問題3
錯覚,N1 2015-07 言語知識 問題3
疑う,N1 2015-07 言語知識 問題3
勘違いする,N1 2015-07 言語知識 問題3
焦る,N1 2015-07 言語知識 問題3
油断する,N1 2015-07 言語知識 問題3
殺到,N1 2015-07 言語知識 問題3
一度に大勢来た,N1 2015-07 言語知識 問題3
急に来なくなった,N1 2015-07 言語知識 問題3
増え続けた,N1 2015-07 言語知識 問題3
減り続けた,N1 2015-07 言語知識 問題3
没頭,N1 2015-07 言語知識 問題4
人手,N1 2015-07 言語知識 問題4
今更,N1 2015-07 言語知識 問題4
くまなく,N1 2015-07 言語知識 問題4
安静,N1 2015-07 言語知識 問題4
統合,N1 2015-07 言語知識 問題4
興奮,N1 2015-12 言語知識 問題1
唱えた,N1 2015-12 言語知識 問題1
変遷,N1 2015-12 言語知識 問題1
値する,N1 2015-12 言語知識 問題1
随時,N1 2015-12 言語知識 問題1
励んで,N1 2015-12 言語知識 問題1
合意,N1 2015-12 言語知識 問題2
帰結,N1 2015-12 言語知識 問題2
適用,N1 2015-12 言語知識 問題2
順応,N1 2015-12 言語知識 問題2
データベース,N1 2015-12 言語知識 問題2
コミュニケーション,N1 2015-12 言語知識 問題2
メディア,N1 2015-12 言語知識 問題2
スクリーン,N1 2015-12 言語知識 問題2
強制,N1 2015-12 言語知識 問題2
圧迫,N1 2015-12 言語知識 問題2
束縛,N1 2015-12 言語知識 問題2
固執,N1 2015-12 言語知識 問題2
あざやか,N1 2015-12 言語知識 問題2
おおらか,N1 2015-12 言語知識 問題2
すみやか,N1 2015-12 言語知識 問題2
ささやか,N1 2015-12 言語知識 問題2
分厚い,N1 2015-12 言語知識 問題2
幅広い,N1 2015-12 言語知識 問題2
広大な,N1 2015-12 言語知識 問題2
重厚な,N1 2015-12 言語知識 問題2
高低,N1 2015-12 言語知識 問題2
出没,N1 2015-12 言語知識 問題2
明暗,N1 2015-12 言語知識 問題2
起伏,N1 2015-12 言語知識 問題2
引き寄せた,N1 2015-12 言語知識 問題2
呼び込んだ,N1 2015-12 言語知識 問題2
取り戻した,N1 2015-12 言語知識 問題2
受け入れた,N1 2015-12 言語知識 問題2
弁解して,N1 2015-12 言語知識 問題3
考えて,N1 2015-12 言語知識 問題3
反論して,N1 2015-12 言語知識 問題3
謝って,N1 2015-12 言語知識 問題3
言い訳して,N1 2015-12 言語知識 問題3
ありふれた,N1 2015-12 言語知識 問題3
平凡な,N1 2015-12 言語知識 問題3
特殊な,N1 2015-12 言語知識 問題3
幼稚な,N1 2015-12 言語知識 問題3
複雑な,N1 2015-12 言語知識 問題3
うろたえずに,N1 2015-12 言語知識 問題3
嫌がらずに,N1 2015-12 言語知識 問題3
慌てずに,N1 2015-12 言語知識 問題3
怒らずに,N1 2015-12 言語知識 問題3
あきらめずに,N1 2015-12 言語知識 問題3
糸口,N1 2015-12 言語知識 問題3
ストップ,N1 2015-12 言語知識 問題3
マイナス,N1 2015-12 言語知識 問題3
ヒント,N1 2015-12 言語知識 問題3
アドバイス,N1 2015-12 言語知識 問題3
ふいに,N1 2015-12 言語知識 問題3
わざわざ,N1 2015-12 言語知識 問題3
久しぶりに,N1 2015-12 言語知識 問題3
再び,N1 2015-12 言語知識 問題3
突然,N1 2015-12 言語知識 問題3
誇張して,N1 2015-12 言語知識 問題3
積極的に,N1 2015-12 言語知識 問題3
自慢して,N1 2015-12 言語知識 問題3
大げさに,N1 2015-12 言語知識 問題3
大ざっぱに,N1 2015-12 言語知識 問題3
辞任,N1 2015-12 言語知識 問題4
帯びる,N1 2015-12 言語知識 問題4
軌道,N1 2015-12 言語知識 問題4
思い詰める,N1 2015-12 言語知識 問題4
もはや,N1 2015-12 言語知識 問題4
はなはだしい,N1 2015-12 言語知識 問題4
樹木,N1 2016-07 言語知識 問題1
蓄えて,N1 2016-07 言語知識 問題1
陳列,N1 2016-07 言語知識 問題1
華やか,N1 2016-07 言語知識 問題1
鑑定,N1 2016-07 言語知識 問題1
偏って,N1 2016-07 言語知識 問題1
触発,N1 2016-07 言語知識 問題2
啓発,N1 2016-07 言語知識 問題2
教養,N1 2016-07 言語知識 問題2
教訓,N1 2016-07 言語知識 問題2
センス,N1 2016-07 言語知識 問題2
タイミング,N1 2016-07 言語知識 問題2
ステップ,N1 2016-07 言語知識 問題2
ニュアンス,N1 2016-07 言語知識 問題2
展開,N1 2016-07 言語知識 問題2
発散,N1 2016-07 言語知識 問題2
流出,N1 2016-07 言語知識 問題2
転向,N1 2016-07 言語知識 問題2
遂げる,N1 2016-07 言語知識 問題2
尽くす,N1 2016-07 言語知識 問題2
果たす,N1 2016-07 言語知識 問題2
極める,N1 2016-07 言語知識 問題2
頻繁に,N1 2016-07 言語知識 問題2
緊密に,N1 2016-07 言語知識 問題2
活発に,N1 2016-07 言語知識 問題2
円滑に,N1 2016-07 言語知識 問題2
すっきり,N1 2016-07 言語知識 問題2
からからに,N1 2016-07 言語知識 問題2
へとへとに,N1 2016-07 言語知識 問題2
ぎっしり,N1 2016-07 言語知識 問題2
押し込む,N1 2016-07 言語知識 問題2
切り出す,N1 2016-07 言語知識 問題2
割り当てる,N1 2016-07 言語知識 問題2
持ち上げる,N1 2016-07 言語知識 問題2
端的,N1 2016-07 言語知識 問題3
明白に,N1 2016-07 言語知識 問題3
部分的に,N1 2016-07 言語知識 問題3
大げさに,N1 2016-07 言語知識 問題3
主に,N1 2016-07 言語知識 問題3
わずらわしい,N1 2016-07 言語知識 問題3
苦手な,N1 2016-07 言語知識 問題3
面倒な,N1 2016-07 言語知識 問題3
単調な,N1 2016-07 言語知識 問題3
膨大な,N1 2016-07 言語知識 問題3
かろうじて,N1 2016-07 言語知識 問題3
なぜか,N1 2016-07 言語知識 問題3
何とか,N1 2016-07 言語知識 問題3
すぐに,N1 2016-07 言語知識 問題3
たまたま,N1 2016-07 言語知識 問題3
自尊心,N1 2016-07 言語知識 問題3
イメージ,N1 2016-07 言語知識 問題3
コントロール,N1 2016-07 言語知識 問題3
スタイル,N1 2016-07 言語知識 問題3
プライド,N1 2016-07 言語知識 問題3
ささいな,N1 2016-07 言語知識 問題3
重要な,N1 2016-07 言語知識 問題3
新たな,N1 2016-07 言語知識 問題3
小さな,N1 2016-07 言語知識 問題3
深刻な,N1 2016-07 言語知識 問題3
とまどって,N1 2016-07 言語知識 問題3
困って,N1 2016-07 言語知識 問題3
驚いて,N1 2016-07 言語知識 問題3
怖がって,N1 2016-07 言語知識 問題3
悔やんで,N1 2016-07 言語知識 問題3
規制,N1 2016-07 言語知識 問題4
入手,N1 2016-07 言語知識 問題4
素早い,N1 2016-07 言語知識 問題4
経緯,N1 2016-07 言語知識 問題4
退く,N1 2016-07 言語知識 問題4
還元,N1 2016-07 言語知識 問題4
潤す,N1 2017-07 言語知識 問題1
殺菌,N1 2017-07 言語知識 問題1
託された,N1 2017-07 言語知識 問題1
傾斜,N1 2017-07 言語知識 問題1
阻まれて,N1 2017-07 言語知識 問題1
暴露,N1 2017-07 言語知識 問題1
一環,N1 2017-07 言語知識 問題2
一体,N1 2017-07 言語知識 問題2
内部,N1 2017-07 言語知識 問題2
部門,N1 2017-07 言語知識 問題2
クリアに,N1 2017-07 言語知識 問題2
ストレートに,N1 2017-07 言語知識 問題2
シンプルに,N1 2017-07 言語知識 問題2
コンスタントに,N1 2017-07 言語知識 問題2
さかのぼって,N1 2017-07 言語知識 問題2
よみがえって,N1 2017-07 言語知識 問題2
引き返して,N1 2017-07 言語知識 問題2
立ち直って,N1 2017-07 言語知識 問題2
意欲,N1 2017-07 言語知識 問題2
志願,N1 2017-07 言語知識 問題2
欲求,N1 2017-07 言語知識 問題2
念願,N1 2017-07 言語知識 問題2
敬った,N1 2017-07 言語知識 問題2
仰いだ,N1 2017-07 言語知識 問題2
たたえた,N1 2017-07 言語知識 問題2
もてなした,N1 2017-07 言語知識 問題2
悪,N1 2017-07 言語知識 問題2
非,N1 2017-07 言語知識 問題2
苦,N1 2017-07 言語知識 問題2
没,N1 2017-07 言語知識 問題2
ますます,N1 2017-07 言語知識 問題2
しきりに,N1 2017-07 言語知識 問題2
もっぱら,N1 2017-07 言語知識 問題2
せめて,N1 2017-07 言語知識 問題2
粘り強く,N1 2017-07 言語知識 問題3
覚悟して,N1 2017-07 言語知識 問題3
油断せずに,N1 2017-07 言語知識 問題3
思い切って,N1 2017-07 言語知識 問題3
あきらめずに,N1 2017-07 言語知識 問題3
入念に,N1 2017-07 言語知識 問題3
厳しく公平に,N1 2017-07 言語知識 問題3
細かく丁寧に,N1 2017-07 言語知識 問題3
興味を持って,N1 2017-07 言語知識 問題3
責任を持って,N1 2017-07 言語知識 問題3
うすうす,N1 2017-07 言語知識 問題3
おそらく,N1 2017-07 言語知識 問題3
さすがに,N1 2017-07 言語知識 問題3
なんとなく,N1 2017-07 言語知識 問題3
とっくに,N1 2017-07 言語知識 問題3
難点,N1 2017-07 言語知識 問題3
悪いところ,N1 2017-07 言語知識 問題3
惜しいところ,N1 2017-07 言語知識 問題3
無駄なところ,N1 2017-07 言語知識 問題3
不安なところ,N1 2017-07 言語知識 問題3
むっとしたようだった,N1 2017-07 言語知識 問題3
驚いたような顔をしていた,N1 2017-07 言語知識 問題3
怒ったような顔をしていた,N1 2017-07 言語知識 問題3
疲れたような顔をしていた,N1 2017-07 言語知識 問題3
飽きたような顔をしていた,N1 2017-07 言語知識 問題3
照会した,N1 2017-07 言語知識 問題3
問い合わせた,N1 2017-07 言語知識 問題3
申し込んだ,N1 2017-07 言語知識 問題3
知らせた,N1 2017-07 言語知識 問題3
訪ねた,N1 2017-07 言語知識 問題3
昇進,N1 2017-07 言語知識 問題4
配布,N1 2017-07 言語知識 問題4
滅びる,N1 2017-07 言語知識 問題4
発足,N1 2017-07 言語知識 問題4
提起,N1 2017-07 言語知識 問題4
見落とす,N1 2017-07 言語知識 問題4
回顧,N1 2018-07 言語知識 問題1
偽り,N1 2018-07 言語知識 問題1
嫌悪感,N1 2018-07 言語知識 問題1
自粛,N1 2018-07 言語知識 問題1
戒めたい,N1 2018-07 言語知識 問題1
丘陵,N1 2018-07 言語知識 問題1
設置,N1 2018-07 言語知識 問題2
残留,N1 2018-07 言語知識 問題2
所持,N1 2018-07 言語知識 問題2
在庫,N1 2018-07 言語知識 問題2
アウト,N1 2018-07 言語知識 問題2
エラー,N1 2018-07 言語知識 問題2
リスク,N1 2018-07 言語知識 問題2
ダウン,N1 2018-07 言語知識 問題2
切実な,N1 2018-07 言語知識 問題2
堅実な,N1 2018-07 言語知識 問題2
安泰な,N1 2018-07 言語知識 問題2
安易な,N1 2018-07 言語知識 問題2
拒絶,N1 2018-07 言語知識 問題2
駆除,N1 2018-07 言語知識 問題2
遮断,N1 2018-07 言語知識 問題2
隔離,N1 2018-07 言語知識 問題2
がらりと,N1 2018-07 言語知識 問題2
ずらりと,N1 2018-07 言語知識 問題2
けろりと,N1 2018-07 言語知識 問題2
ちらりと,N1 2018-07 言語知識 問題2
親しまれて,N1 2018-07 言語知識 問題2
なだめられて,N1 2018-07 言語知識 問題2
勧められて,N1 2018-07 言語知識 問題2
ゆだねられて,N1 2018-07 言語知識 問題2
供述,N1 2018-07 言語知識 問題2
言及,N1 2018-07 言語知識 問題2
告白,N1 2018-07 言語知識 問題2
通話,N1 2018-07 言語知識 問題2
すみやか,N1 2018-07 言語知識 問題3
元の通りに,N1 2018-07 言語知識 問題3
できるだけきれいに,N1 2018-07 言語知識 問題3
できるだけ早く,N1 2018-07 言語知識 問題3
決めた通りに,N1 2018-07 言語知識 問題3
漠然としていた,N1 2018-07 言語知識 問題3
ぼんやりしていた,N1 2018-07 言語知識 問題3
ごちゃごちゃしていた,N1 2018-07 言語知識 問題3
あっさりしていた,N1 2018-07 言語知識 問題3
はっきりしていた,N1 2018-07 言語知識 問題3
妨害する,N1 2018-07 言語知識 問題3
だます,N1 2018-07 言語知識 問題3
いたずらする,N1 2018-07 言語知識 問題3
からかう,N1 2018-07 言語知識 問題3
じゃまする,N1 2018-07 言語知識 問題3
エレガント,N1 2018-07 言語知識 問題3
活動的な,N1 2018-07 言語知識 問題3
地味な,N1 2018-07 言語知識 問題3
上品な,N1 2018-07 言語知識 問題3
個性的な,N1 2018-07 言語知識 問題3
つかの間,N1 2018-07 言語知識 問題3
短い,N1 2018-07 言語知識 問題3
久しぶりの,N1 2018-07 言語知識 問題3
充実した,N1 2018-07 言語知識 問題3
十分な,N1 2018-07 言語知識 問題3
しくじって,N1 2018-07 言語知識 問題3
緊張して,N1 2018-07 言語知識 問題3
失敗して,N1 2018-07 言語知識 問題3
遅刻して,N1 2018-07 言語知識 問題3
誤解して,N1 2018-07 言語知識 問題3
巧み,N1 2018-07 言語知識 問題4
配属,N1 2018-07 言語知識 問題4
乗り出す,N1 2018-07 言語知識 問題4
面識,N1 2018-07 言語知識 問題4
抜粋,N1 2018-07 言語知識 問題4
心当たり,N1 2018-07 言語知識 問題4
猛烈,N1 2019-07 言語知識 問題1
克服,N1 2019-07 言語知識 問題1
崩れやすい,N1 2019-07 言語知識 問題1
繁殖,N1 2019-07 言語知識 問題1
履歴,N1 2019-07 言語知識 問題1
映える,N1 2019-07 言語知識 問題1
レーダー,N1 2019-07 言語知識 問題2
モーター,N1 2019-07 言語知識 問題2
センサー,N1 2019-07 言語知識 問題2
レバー,N1 2019-07 言語知識 問題2
絶大な,N1 2019-07 言語知識 問題2
盛大な,N1 2019-07 言語知識 問題2
雄大な,N1 2019-07 言語知識 問題2
壮大な,N1 2019-07 言語知識 問題2
ここちよく,N1 2019-07 言語知識 問題2
いさぎよく,N1 2019-07 言語知識 問題2
喜ばしく,N1 2019-07 言語知識 問題2
輝かしく,N1 2019-07 言語知識 問題2
従事,N1 2019-07 言語知識 問題2
勤務,N1 2019-07 言語知識 問題2
在籍,N1 2019-07 言語知識 問題2
就労,N1 2019-07 言語知識 問題2
暴れて,N1 2019-07 言語知識 問題2
にじんで,N1 2019-07 言語知識 問題2
震えて,N1 2019-07 言語知識 問題2
ゆがんで,N1 2019-07 言語知識 問題2
不当,N1 2019-07 言語知識 問題2
無効,N1 2019-07 言語知識 問題2
禁物,N1 2019-07 言語知識 問題2
偏見,N1 2019-07 言語知識 問題2
はらはらと,N1 2019-07 言語知識 問題2
びくびくと,N1 2019-07 言語知識 問題2
どきどきと,N1 2019-07 言語知識 問題2
ひしひしと,N1 2019-07 言語知識 問題2
コンパクト,N1 2019-07 言語知識 問題3
新型の,N1 2019-07 言語知識 問題3
小型の,N1 2019-07 言語知識 問題3
家族向きの,N1 2019-07 言語知識 問題3
若者向きの,N1 2019-07 言語知識 問題3
極力,N1 2019-07 言語知識 問題3
できるだけ,N1 2019-07 言語知識 問題3
大幅に,N1 2019-07 言語知識 問題3
一気に,N1 2019-07 言語知識 問題3
思い切って,N1 2019-07 言語知識 問題3
つぶやく,N1 2019-07 言語知識 問題3
ゆっくり言う,N1 2019-07 言語知識 問題3
大きな声で言う,N1 2019-07 言語知識 問題3
早口で言う,N1 2019-07 言語知識 問題3
小さな声で言う,N1 2019-07 言語知識 問題3
不審,N1 2019-07 言語知識 問題3
でたらめな,N1 2019-07 言語知識 問題3
頼りない,N1 2019-07 言語知識 問題3
怪しい,N1 2019-07 言語知識 問題3
あいまいな,N1 2019-07 言語知識 問題3
ばてて,N1 2019-07 言語知識 問題3
疲れて,N1 2019-07 言語知識 問題3
飽きて,N1 2019-07 言語知識 問題3
のどが渇いて,N1 2019-07 言語知識 問題3
おなかがすいて,N1 2019-07 言語知識 問題3
まっとうする,N1 2019-07 言語知識 問題3
継続する,N1 2019-07 言語知識 問題3
完了する,N1 2019-07 言語知識 問題3
実行する,N1 2019-07 言語知識 問題3
担当する,N1 2019-07 言語知識 問題3
簡素,N1 2019-07 言語知識 問題4
解明,N1 2019-07 言語知識 問題4
ほほえましい,N1 2019-07 言語知識 問題4
目安,N1 2019-07 言語知識 問題4
様相,N1 2019-07 言語知識 問題4
交える,N1 2019-07 言語知識 問題4
披露,N1 2019-12 言語知識 問題1
砕けて,N1 2019-12 言語知識 問題1
執着,N1 2019-12 言語知識 問題1
債務,N1 2019-12 言語知識 問題1
貢献,N1 2019-12 言語知識 問題1
潔い,N1 2019-12 言語知識 問題1
証言,N1 2019-12 言語知識 問題2
開示,N1 2019-12 言語知識 問題2
供述,N1 2019-12 言語知識 問題2
表明,N1 2019-12 言語知識 問題2
圧倒的に,N1 2019-12 言語知識 問題2
精力的に,N1 2019-12 言語知識 問題2
急進的に,N1 2019-12 言語知識 問題2
普遍的に,N1 2019-12 言語知識 問題2
手つかず,N1 2019-12 言語知識 問題2
臆病,N1 2019-12 言語知識 問題2
気がかり,N1 2019-12 言語知識 問題2
迷惑,N1 2019-12 言語知識 問題2
推移,N1 2019-12 言語知識 問題2
過程,N1 2019-12 言語知識 問題2
転換,N1 2019-12 言語知識 問題2
変容,N1 2019-12 言語知識 問題2
損なわれて,N1 2019-12 言語知識 問題2
恐れられて,N1 2019-12 言語知識 問題2
崩されて,N1 2019-12 言語知識 問題2
危ぶまれて,N1 2019-12 言語知識 問題2
ぐらぐらと,N1 2019-12 言語知識 問題2
どんよりと,N1 2019-12 言語知識 問題2
ずっしりと,N1 2019-12 言語知識 問題2
じめじめと,N1 2019-12 言語知識 問題2
歴然,N1 2019-12 言語知識 問題2
整然,N1 2019-12 言語知識 問題2
続々,N1 2019-12 言語知識 問題2
堂々,N1 2019-12 言語知識 問題2
異例,N1 2019-12 言語知識 問題3
珍しい,N1 2019-12 言語知識 問題3
めでたい,N1 2019-12 言語知識 問題3
立派な,N1 2019-12 言語知識 問題3
幸運な,N1 2019-12 言語知識 問題3
打ち込んだ,N1 2019-12 言語知識 問題3
失敗した,N1 2019-12 言語知識 問題3
苦労した,N1 2019-12 言語知識 問題3
協力した,N1 2019-12 言語知識 問題3
熱中した,N1 2019-12 言語知識 問題3
ルーズ,N1 2019-12 言語知識 問題3
けちな,N1 2019-12 言語知識 問題3
だらしない,N1 2019-12 言語知識 問題3
無関心な,N1 2019-12 言語知識 問題3
厳しい,N1 2019-12 言語知識 問題3
つぶさに,N1 2019-12 言語知識 問題3
のんびりと,N1 2019-12 言語知識 問題3
繰り返し,N1 2019-12 言語知識 問題3
詳細に,N1 2019-12 言語知識 問題3
懐かしそうに,N1 2019-12 言語知識 問題3
脈絡,N1 2019-12 言語知識 問題3
うそ,N1 2019-12 言語知識 問題3
終わり,N1 2019-12 言語知識 問題3
面白み,N1 2019-12 言語知識 問題3
つながり,N1 2019-12 言語知識 問題3
吟味,N1 2019-12 言語知識 問題3
決定,N1 2019-12 言語知識 問題3
提案,N1 2019-12 言語知識 問題3
検討,N1 2019-12 言語知識 問題3
報告,N1 2019-12 言語知識 問題3
要望,N1 2019-12 言語知識 問題4
覆す,N1 2019-12 言語知識 問題4
繁盛,N1 2019-12 言語知識 問題4
くじける,N1 2019-12 言語知識 問題4
ひたむき,N1 2019-12 言語知識 問題4
互角,N1 2019-12 言語知識 問題4
干渉,N1 2020-12 言語知識 問題1
粘って,N1 2020-12 言語知識 問題1
巧妙,N1 2020-12 言語知識 問題1
促した,N1 2020-12 言語知識 問題1
措置,N1 2020-12 言語知識 問題1
振興,N1 2020-12 言語知識 問題1
エラー,N1 2020-12 言語知識 問題2
ノルマ,N1 2020-12 言語知識 問題2
ダメージ,N1 2020-12 言語知識 問題2
クレーム,N1 2020-12 言語知識 問題2
軌道,N1 2020-12 言語知識 問題2
経緯,N1 2020-12 言語知識 問題2
経路,N1 2020-12 言語知識 問題2
軌跡,N1 2020-12 言語知識 問題2
絶大な,N1 2020-12 言語知識 問題2
壮大な,N1 2020-12 言語知識 問題2
盛大な,N1 2020-12 言語知識 問題2
甚大な,N1 2020-12 言語知識 問題2
みっちり,N1 2020-12 言語知識 問題2
ぐっすり,N1 2020-12 言語知識 問題2
べったり,N1 2020-12 言語知識 問題2
めっきり,N1 2020-12 言語知識 問題2
消去,N1 2020-12 言語知識 問題2
駆除,N1 2020-12 言語知識 問題2
削除,N1 2020-12 言語知識 問題2
撤去,N1 2020-12 言語知識 問題2
おそれられて,N1 2020-12 言語知識 問題2
あやぶまれて,N1 2020-12 言語知識 問題2
にらまれて,N1 2020-12 言語知識 問題2
しぶられて,N1 2020-12 言語知識 問題2
びくびく,N1 2020-12 言語知識 問題2
おどおど,N1 2020-12 言語知識 問題2
うずうず,N1 2020-12 言語知識 問題2
はらはら,N1 2020-12 言語知識 問題2
エキスパート,N1 2020-12 言語知識 問題3
発明家,N1 2020-12 言語知識 問題3
協力者,N1 2020-12 言語知識 問題3
責任者,N1 2020-12 言語知識 問題3
専門家,N1 2020-12 言語知識 問題3
凝視した,N1 2020-12 言語知識 問題3
ざっと見た,N1 2020-12 言語知識 問題3
じっと見た,N1 2020-12 言語知識 問題3
ちらっと見た,N1 2020-12 言語知識 問題3
ぼうっと見た,N1 2020-12 言語知識 問題3
架空,N1 2020-12 言語知識 問題3
素敵な,N1 2020-12 言語知識 問題3
思い出の,N1 2020-12 言語知識 問題3
想像の,N1 2020-12 言語知識 問題3
変な,N1 2020-12 言語知識 問題3
かねがね,N1 2020-12 言語知識 問題3
できれば,N1 2020-12 言語知識 問題3
以前から,N1 2020-12 言語知識 問題3
ぜひ,N1 2020-12 言語知識 問題3
早いうちに,N1 2020-12 言語知識 問題3
当面,N1 2020-12 言語知識 問題3
しばらくは,N1 2020-12 言語知識 問題3
直接は,N1 2020-12 言語知識 問題3
まさか,N1 2020-12 言語知識 問題3
大して,N1 2020-12 言語知識 問題3
ぼやいている,N1 2020-12 言語知識 問題3
冗談を言っている,N1 2020-12 言語知識 問題3
わがままを言っている,N1 2020-12 言語知識 問題3
愚痴を言っている,N1 2020-12 言語知識 問題3
独り言を言っている,N1 2020-12 言語知識 問題3
もはや,N1 2020-12 言語知識 問題4
円滑,N1 2020-12 言語知識 問題4
怠る,N1 2020-12 言語知識 問題4
失脚,N1 2020-12 言語知識 問題4
収容,N1 2020-12 言語知識 問題4
実に,N1 2020-12 言語知識 問題4
遺憾,N1 2021-07 言語知識 問題1
閉鎖,N1 2021-07 言語知識 問題1
心遣い,N1 2021-07 言語知識 問題1
憤った,N1 2021-07 言語知識 問題1
貧富,N1 2021-07 言語知識 問題1
治癒,N1 2021-07 言語知識 問題1
脱却,N1 2021-07 言語知識 問題2
駆除,N1 2021-07 言語知識 問題2
却下,N1 2021-07 言語知識 問題2
除去,N1 2021-07 言語知識 問題2
全盛,N1 2021-07 言語知識 問題2
旺盛,N1 2021-07 言語知識 問題2
盛況,N1 2021-07 言語知識 問題2
盛大,N1 2021-07 言語知識 問題2
設けられて,N1 2021-07 言語知識 問題2
装われて,N1 2021-07 言語知識 問題2
据えられて,N1 2021-07 言語知識 問題2
施されて,N1 2021-07 言語知識 問題2
転移,N1 2021-07 言語知識 問題2
投影,N1 2021-07 言語知識 問題2
感染,N1 2021-07 言語知識 問題2
余波,N1 2021-07 言語知識 問題2
目先,N1 2021-07 言語知識 問題2
手中,N1 2021-07 言語知識 問題2
足場,N1 2021-07 言語知識 問題2
背後,N1 2021-07 言語知識 問題2
しょんほり,N1 2021-07 言語知識 問題2
ぎくしゃく,N1 2021-07 言語知識 問題2
ぼんやり,N1 2021-07 言語知識 問題2
うろちょろ,N1 2021-07 言語知識 問題2
になう,N1 2021-07 言語知識 問題2
いたわる,N1 2021-07 言語知識 問題2
やしなう,N1 2021-07 言語知識 問題2
かかげる,N1 2021-07 言語知識 問題2
寡黙,N1 2021-07 言語知識 問題3
口数が少ない,N1 2021-07 言語知識 問題3
知識に乏しい,N1 2021-07 言語知識 問題3
意見が少ない,N1 2021-07 言語知識 問題3
話題に乏しい,N1 2021-07 言語知識 問題3
紛糾した,N1 2021-07 言語知識 問題3
盛り上がった,N1 2021-07 言語知識 問題3
長引いた,N1 2021-07 言語知識 問題3
中断した,N1 2021-07 言語知識 問題3
混乱した,N1 2021-07 言語知識 問題3
ずれ込みそうだ,N1 2021-07 言語知識 問題3
早くなりそうだ,N1 2021-07 言語知識 問題3
多くなりそうだ,N1 2021-07 言語知識 問題3
遅くなりそうだ,N1 2021-07 言語知識 問題3
少なくなりそうだ,N1 2021-07 言語知識 問題3
ろく,N1 2021-07 言語知識 問題3
全く,N1 2021-07 言語知識 問題3
大して,N1 2021-07 言語知識 問題3
なかなか,N1 2021-07 言語知識 問題3
事前に,N1 2021-07 言語知識 問題3
スケール,N1 2021-07 言語知識 問題3
方針,N1 2021-07 言語知識 問題3
規模,N1 2021-07 言語知識 問題3
目的,N1 2021-07 言語知識 問題3
意義,N1 2021-07 言語知識 問題3
寄与,N1 2021-07 言語知識 問題3
貢献,N1 2021-07 言語知識 問題3
援助,N1 2021-07 言語知識 問題3
工夫,N1 2021-07 言語知識 問題3
活躍,N1 2021-07 言語知識 問題3
絶滅,N1 2021-07 言語知識 問題4
素早い,N1 2021-07 言語知識 問題4
露骨,N1 2021-07 言語知識 問題4
交付,N1 2021-07 言語知識 問題4
かたくな,N1 2021-07 言語知識 問題4
なつく,N1 2021-07 言語知識 問題4
錯覚,N1 2021-12 言語知識 問題1
尊い,N1 2021-12 言語知識 問題1
枯渇,N1 2021-12 言語知識 問題1
慰めて,N1 2021-12 言語知識 問題1
克明,N1 2021-12 言語知識 問題1
緊迫,N1 2021-12 言語知識 問題1
存続,N1 2021-12 言語知識 問題2
存亡,N1 2021-12 言語知識 問題2
依存,N1 2021-12 言語知識 問題2
現存,N1 2021-12 言語知識 問題2
系,N1 2021-12 言語知識 問題2
帯,N1 2021-12 言語知識 問題2
圏,N1 2021-12 言語知識 問題2
派,N1 2021-12 言語知識 問題2
風土,N1 2021-12 言語知識 問題2
風習,N1 2021-12 言語知識 問題2
風物,N1 2021-12 言語知識 問題2
風情,N1 2021-12 言語知識 問題2
堅苦しかった,N1 2021-12 言語知識 問題2
あじけなかった,N1 2021-12 言語知識 問題2
厚かましかった,N1 2021-12 言語知識 問題2
もどかしかった,N1 2021-12 言語知識 問題2
熟成,N1 2021-12 言語知識 問題2
熟知,N1 2021-12 言語知識 問題2
探索,N1 2021-12 言語知識 問題2
探知,N1 2021-12 言語知識 問題2
ぐずぐず,N1 2021-12 言語知識 問題2
だらだら,N1 2021-12 言語知識 問題2
めきめき,N1 2021-12 言語知識 問題2
うろうろ,N1 2021-12 言語知識 問題2
もたれて,N1 2021-12 言語知識 問題2
おぼれて,N1 2021-12 言語知識 問題2
こじれて,N1 2021-12 言語知識 問題2
しびれて,N1 2021-12 言語知識 問題2
リスク,N1 2021-12 言語知識 問題3
利益,N1 2021-12 言語知識 問題3
変化,N1 2021-12 言語知識 問題3
危険,N1 2021-12 言語知識 問題3
反論,N1 2021-12 言語知識 問題3
絶賛した,N1 2021-12 言語知識 問題3
非常に素晴らしいとほめた,N1 2021-12 言語知識 問題3
あまりにおかしいと笑った,N1 2021-12 言語知識 問題3
認めるのは難しいと言った,N1 2021-12 言語知識 問題3
問題だと厳しくしかった,N1 2021-12 言語知識 問題3
くつろいで,N1 2021-12 言語知識 問題3
すっきりして,N1 2021-12 言語知識 問題3
がっかりして,N1 2021-12 言語知識 問題3
ゆっくりして,N1 2021-12 言語知識 問題3
びっくりして,N1 2021-12 言語知識 問題3
うやむや,N1 2021-12 言語知識 問題3
明らか,N1 2021-12 言語知識 問題3
あいまい,N1 2021-12 言語知識 問題3
秘密,N1 2021-12 言語知識 問題3
中止,N1 2021-12 言語知識 問題3
出馬,N1 2021-12 言語知識 問題3
映画に出る,N1 2021-12 言語知識 問題3
番組に出る,N1 2021-12 言語知識 問題3
大会に出る,N1 2021-12 言語知識 問題3
選挙に出る,N1 2021-12 言語知識 問題3
お手上げ,N1 2021-12 言語知識 問題3
大歓迎,N1 2021-12 言語知識 問題3
どうしようもない,N1 2021-12 言語知識 問題3
ぜひ働きたい,N1 2021-12 言語知識 問題3
驚きだ,N1 2021-12 言語知識 問題3
均等,N1 2021-12 言語知識 問題4
リタイア,N1 2021-12 言語知識 問題4
押収,N1 2021-12 言語知識 問題4
望ましい,N1 2021-12 言語知識 問題4
本場,N1 2021-12 言語知識 問題4
秘める,N1 2021-12 言語知識 問題4
勇敢,N1 2022-07 言語知識 問題1
忠告,N1 2022-07 言語知識 問題1
慕って,N1 2022-07 言語知識 問題1
施錠,N1 2022-07 言語知識 問題1
沈下,N1 2022-07 言語知識 問題1
阻まれて,N1 2022-07 言語知識 問題1
手軽,N1 2022-07 言語知識 問題2
軽率,N1 2022-07 言語知識 問題2
気軽,N1 2022-07 言語知識 問題2
軽快,N1 2022-07 言語知識 問題2
ピッチ,N1 2022-07 言語知識 問題2
サイクル,N1 2022-07 言語知識 問題2
シフト,N1 2022-07 言語知識 問題2
ペース,N1 2022-07 言語知識 問題2
代行,N1 2022-07 言語知識 問題2
仲裁,N1 2022-07 言語知識 問題2
干渉,N1 2022-07 言語知識 問題2
媒介,N1 2022-07 言語知識 問題2
しわざ,N1 2022-07 言語知識 問題2
そぶり,N1 2022-07 言語知識 問題2
腕前,N1 2022-07 言語知識 問題2
扱い,N1 2022-07 言語知識 問題2
発覚,N1 2022-07 言語知識 問題2
派生,N1 2022-07 言語知識 問題2
波及,N1 2022-07 言語知識 問題2
露出,N1 2022-07 言語知識 問題2
ざらざら,N1 2022-07 言語知識 問題2
ねばねば,N1 2022-07 言語知識 問題2
すべすべ,N1 2022-07 言語知識 問題2
ごつごつ,N1 2022-07 言語知識 問題2
掛け合わなくて,N1 2022-07 言語知識 問題2
張り合わなくて,N1 2022-07 言語知識 問題2
かみ合わなくて,N1 2022-07 言語知識 問題2
釣り合わなくて,N1 2022-07 言語知識 問題2
触発されて,N1 2022-07 言語知識 問題3
誘われて,N1 2022-07 言語知識 問題3
提案されて,N1 2022-07 言語知識 問題3
助けられて,N1 2022-07 言語知識 問題3
刺激されて,N1 2022-07 言語知識 問題3
閉口して,N1 2022-07 言語知識 問題3
慣れて,N1 2022-07 言語知識 問題3
困って,N1 2022-07 言語知識 問題3
がっかりして,N1 2022-07 言語知識 問題3
ほっとして,N1 2022-07 言語知識 問題3
気ままな,N1 2022-07 言語知識 問題3
質素な,N1 2022-07 言語知識 問題3
退屈な,N1 2022-07 言語知識 問題3
ぜいたくな,N1 2022-07 言語知識 問題3
自由な,N1 2022-07 言語知識 問題3
若干,N1 2022-07 言語知識 問題3
まだ,N1 2022-07 言語知識 問題3
かなり,N1 2022-07 言語知識 問題3
いくつか,N1 2022-07 言語知識 問題3
おそらく,N1 2022-07 言語知識 問題3
手分け,N1 2022-07 言語知識 問題3
分割,N1 2022-07 言語知識 問題3
分別,N1 2022-07 言語知識 問題3
分担,N1 2022-07 言語知識 問題3
分類,N1 2022-07 言語知識 問題3
をてきぱきと,N1 2022-07 言語知識 問題3
早く正確に,N1 2022-07 言語知識 問題3
時間をかけて丁寧に,N1 2022-07 言語知識 問題3
張り切る,N1 2022-07 言語知識 問題3
嫌がる,N1 2022-07 言語知識 問題3
結末,N1 2022-07 言語知識 問題4
そそる,N1 2022-07 言語知識 問題4
遮断,N1 2022-07 言語知識 問題4
要請,N1 2022-07 言語知識 問題4
ぎこちない,N1 2022-07 言語知識 問題4
断じて,N1 2022-07 言語知識 問題4
監督,N1 2022-12 言語知識 問題1
派生,N1 2022-12 言語知識 問題1
透けて,N1 2022-12 言語知識 問題1
恩恵,N1 2022-12 言語知識 問題1
臨む,N1 2022-12 言語知識 問題1
如実,N1 2022-12 言語知識 問題1
保護,N1 2022-12 言語知識 問題2
防御,N1 2022-12 言語知識 問題2
警備,N1 2022-12 言語知識 問題2
支援,N1 2022-12 言語知識 問題2
従順に,N1 2022-12 言語知識 問題2
厳正に,N1 2022-12 言語知識 問題2
忠実に,N1 2022-12 言語知識 問題2
均等に,N1 2022-12 言語知識 問題2
めくって,N1 2022-12 言語知識 問題2
すくって,N1 2022-12 言語知識 問題2
はさんで,N1 2022-12 言語知識 問題2
つまんで,N1 2022-12 言語知識 問題2
志望,N1 2022-12 言語知識 問題2
本意,N1 2022-12 言語知識 問題2
欲求,N1 2022-12 言語知識 問題2
念願,N1 2022-12 言語知識 問題2
ポーズ,N1 2022-12 言語知識 問題2
カーソル,N1 2022-12 言語知識 問題2
ピント,N1 2022-12 言語知識 問題2
テンポ,N1 2022-12 言語知識 問題2
乗り込んだ,N1 2022-12 言語知識 問題2
食い込んだ,N1 2022-12 言語知識 問題2
駆け込んだ,N1 2022-12 言語知識 問題2
追い込んだ,N1 2022-12 言語知識 問題2
てっきり,N1 2022-12 言語知識 問題2
きっぱり,N1 2022-12 言語知識 問題2
しっかり,N1 2022-12 言語知識 問題2
はっきり,N1 2022-12 言語知識 問題2
調達した,N1 2022-12 言語知識 問題3
払った,N1 2022-12 言語知識 問題3
預かった,N1 2022-12 言語知識 問題3
返却した,N1 2022-12 言語知識 問題3
用意した,N1 2022-12 言語知識 問題3
温和,N1 2022-12 言語知識 問題3
さわやかな,N1 2022-12 言語知識 問題3
おだやか,N1 2022-12 言語知識 問題3
こまやか,N1 2022-12 言語知識 問題3
かろやか,N1 2022-12 言語知識 問題3
スポット,N1 2022-12 言語知識 問題3
場所,N1 2022-12 言語知識 問題3
商品,N1 2022-12 言語知識 問題3
方法,N1 2022-12 言語知識 問題3
時期,N1 2022-12 言語知識 問題3
拮抗,N1 2022-12 言語知識 問題3
差がある,N1 2022-12 言語知識 問題3
差がない,N1 2022-12 言語知識 問題3
高くなっている,N1 2022-12 言語知識 問題3
低くなっている,N1 2022-12 言語知識 問題3
風当たり,N1 2022-12 言語知識 問題3
要求,N1 2022-12 言語知識 問題3
信頼,N1 2022-12 言語知識 問題3
期待,N1 2022-12 言語知識 問題3
批判,N1 2022-12 言語知識 問題3
あどけない,N1 2022-12 言語知識 問題3
不安そうな,N1 2022-12 言語知識 問題3
真剣な,N1 2022-12 言語知識 問題3
無邪気な,N1 2022-12 言語知識 問題3
羨ましそうな,N1 2022-12 言語知識 問題3
出荷,N1 2022-12 言語知識 問題4
譲る,N1 2022-12 言語知識 問題4
底力,N1 2022-12 言語知識 問題4
絶大,N1 2022-12 言語知識 問題4
手痛い,N1 2022-12 言語知識 問題4
誘致,N1 2022-12 言語知識 問題4
騒然,N1 2023-07 言語知識 問題1
諭した,N1 2023-07 言語知識 問題1
秩序,N1 2023-07 言語知識 問題1
潜伏,N1 2023-07 言語知識 問題1
朗らか,N1 2023-07 言語知識 問題1
振興,N1 2023-07 言語知識 問題1
自制,N1 2023-07 言語知識 問題2
自立,N1 2023-07 言語知識 問題2
自重,N1 2023-07 言語知識 問題2
自任,N1 2023-07 言語知識 問題2
返上,N1 2023-07 言語知識 問題2
還元,N1 2023-07 言語知識 問題2
配給,N1 2023-07 言語知識 問題2
譲渡,N1 2023-07 言語知識 問題2
びっしょり,N1 2023-07 言語知識 問題2
どっさり,N1 2023-07 言語知識 問題2
どんより,N1 2023-07 言語知識 問題2
ぐったり,N1 2023-07 言語知識 問題2
ノイズ,N1 2023-07 言語知識 問題2
ロック,N1 2023-07 言語知識 問題2
タブー,N1 2023-07 言語知識 問題2
ネック,N1 2023-07 言語知識 問題2
発散,N1 2023-07 言語知識 問題2
発射,N1 2023-07 言語知識 問題2
流出,N1 2023-07 言語知識 問題2
排出,N1 2023-07 言語知識 問題2
まぎらわしい,N1 2023-07 言語知識 問題2
もっともらしい,N1 2023-07 言語知識 問題2
ずうずうしい,N1 2023-07 言語知識 問題2
なれなれしい,N1 2023-07 言語知識 問題2
行き詰って,N1 2023-07 言語知識 問題2
行き交って,N1 2023-07 言語知識 問題2
行き着いて,N1 2023-07 言語知識 問題2
行き届いて,N1 2023-07 言語知識 問題2
懸念,N1 2023-07 言語知識 問題3
期待,N1 2023-07 言語知識 問題3
心配,N1 2023-07 言語知識 問題3
予想,N1 2023-07 言語知識 問題3
重視,N1 2023-07 言語知識 問題3
やつれて,N1 2023-07 言語知識 問題3
遠慮して,N1 2023-07 言語知識 問題3
張り切って,N1 2023-07 言語知識 問題3
やせ衰えて,N1 2023-07 言語知識 問題3
感動して,N1 2023-07 言語知識 問題3
奮闘して,N1 2023-07 言語知識 問題3
じっと我慢して,N1 2023-07 言語知識 問題3
必死に頑張って,N1 2023-07 言語知識 問題3
激しく怒って,N1 2023-07 言語知識 問題3
焦って取り組んで,N1 2023-07 言語知識 問題3
不慮の,N1 2023-07 言語知識 問題3
しかたない,N1 2023-07 言語知識 問題3
ありえない,N1 2023-07 言語知識 問題3
思いがけない,N1 2023-07 言語知識 問題3
情けない,N1 2023-07 言語知識 問題3
根こそぎ,N1 2023-07 言語知識 問題3
すべて,N1 2023-07 言語知識 問題3
だいぶ,N1 2023-07 言語知識 問題3
一度に,N1 2023-07 言語知識 問題3
次々に,N1 2023-07 言語知識 問題3
没頭して,N1 2023-07 言語知識 問題3
飽きて,N1 2023-07 言語知識 問題3
憧れて,N1 2023-07 言語知識 問題3
不満を持って,N1 2023-07 言語知識 問題3
熱中して,N1 2023-07 言語知識 問題3
兆し,N1 2023-07 言語知識 問題4
収容,N1 2023-07 言語知識 問題4
さえる,N1 2023-07 言語知識 問題4
痛烈,N1 2023-07 言語知識 問題4
完結,N1 2023-07 言語知識 問題4
もろい,N1 2023-07 言語知識 問題4
軌跡,N1 2023-12 言語知識 問題1
偏り,N1 2023-12 言語知識 問題1
矛盾,N1 2023-12 言語知識 問題1
誇張,N1 2023-12 言語知識 問題1
賄って,N1 2023-12 言語知識 問題1
軽率,N1 2023-12 言語知識 問題1
好況,N1 2023-12 言語知識 問題2
喜劇,N1 2023-12 言語知識 問題2
快挙,N1 2023-12 言語知識 問題2
繁栄,N1 2023-12 言語知識 問題2
助長,N1 2023-12 言語知識 問題2
拡充,N1 2023-12 言語知識 問題2
主導,N1 2023-12 言語知識 問題2
催促,N1 2023-12 言語知識 問題2
仕返し,N1 2023-12 言語知識 問題2
見返り,N1 2023-12 言語知識 問題2
返却,N1 2023-12 言語知識 問題2
返済,N1 2023-12 言語知識 問題2
集約,N1 2023-12 言語知識 問題2
結合,N1 2023-12 言語知識 問題2
結成,N1 2023-12 言語知識 問題2
採集,N1 2023-12 言語知識 問題2
手配,N1 2023-12 言語知識 問題2
始末,N1 2023-12 言語知識 問題2
実施,N1 2023-12 言語知識 問題2
整備,N1 2023-12 言語知識 問題2
めきめき,N1 2023-12 言語知識 問題2
せいぜい,N1 2023-12 言語知識 問題2
はきはき,N1 2023-12 言語知識 問題2
つくづく,N1 2023-12 言語知識 問題2
かすれて,N1 2023-12 言語知識 問題2
はがれて,N1 2023-12 言語知識 問題2
くずれて,N1 2023-12 言語知識 問題2
ほぐれて,N1 2023-12 言語知識 問題2
尺度,N1 2023-12 言語知識 問題3
理想,N1 2023-12 言語知識 問題3
意思,N1 2023-12 言語知識 問題3
基準,N1 2023-12 言語知識 問題3
専門,N1 2023-12 言語知識 問題3
わずらわしい,N1 2023-12 言語知識 問題3
退屈な,N1 2023-12 言語知識 問題3
面倒な,N1 2023-12 言語知識 問題3
危険な,N1 2023-12 言語知識 問題3
余計な,N1 2023-12 言語知識 問題3
肝心な,N1 2023-12 言語知識 問題3
個人的な,N1 2023-12 言語知識 問題3
具体的な,N1 2023-12 言語知識 問題3
詳細な,N1 2023-12 言語知識 問題3
重要な,N1 2023-12 言語知識 問題3
はかどりました。,N1 2023-12 言語知識 問題3
順調に進みました,N1 2023-12 言語知識 問題3
大幅に遅れました,N1 2023-12 言語知識 問題3
徐々に減りました,N1 2023-12 言語知識 問題3
急激に増えました,N1 2023-12 言語知識 問題3
辛抱,N1 2023-12 言語知識 問題3
苦労,N1 2023-12 言語知識 問題3
我慢,N1 2023-12 言語知識 問題3
失敗,N1 2023-12 言語知識 問題3
心配,N1 2023-12 言語知識 問題3
しきたり,N1 2023-12 言語知識 問題3
名物,N1 2023-12 言語知識 問題3
気候,N1 2023-12 言語知識 問題3
慣習,N1 2023-12 言語知識 問題3
歴史,N1 2023-12 言語知識 問題3
解約,N1 2023-12 言語知識 問題4
特産,N1 2023-12 言語知識 問題4
問い詰める,N1 2023-12 言語知識 問題4
改修,N1 2023-12 言語知識 問題4
手厚い,N1 2023-12 言語知識 問題4
デマ,N1 2023-12 言語知識 問題4
腐敗,N1 2024-07 言語知識 問題1
粗い,N1 2024-07 言語知識 問題1
粘膜,N1 2024-07 言語知識 問題1
寿命,N1 2024-07 言語知識 問題1
戒める,N1 2024-07 言語知識 問題1
誓約書,N1 2024-07 言語知識 問題1
拠点,N1 2024-07 言語知識 問題2
根底,N1 2024-07 言語知識 問題2
原本,N1 2024-07 言語知識 問題2
元祖,N1 2024-07 言語知識 問題2
寄付,N1 2024-07 言語知識 問題2
還元,N1 2024-07 言語知識 問題2
進呈,N1 2024-07 言語知識 問題2
返上,N1 2024-07 言語知識 問題2
繰り越して,N1 2024-07 言語知識 問題2
差し替えて,N1 2024-07 言語知識 問題2
引き渡して,N1 2024-07 言語知識 問題2
取り次いで,N1 2024-07 言語知識 問題2
交錯,N1 2024-07 言語知識 問題2
混合,N1 2024-07 言語知識 問題2
連動,N1 2024-07 言語知識 問題2
反発,N1 2024-07 言語知識 問題2
難航,N1 2024-07 言語知識 問題2
低迷,N1 2024-07 言語知識 問題2
衰退,N1 2024-07 言語知識 問題2
脱落,N1 2024-07 言語知識 問題2
じわじわ,N1 2024-07 言語知識 問題2
どろどろ,N1 2024-07 言語知識 問題2
がやがや,N1 2024-07 言語知識 問題2
べたべた,N1 2024-07 言語知識 問題2
骨折り,N1 2024-07 言語知識 問題2
足手まとい,N1 2024-07 言語知識 問題2
裏目,N1 2024-07 言語知識 問題2
および腰,N1 2024-07 言語知識 問題2
委託する,N1 2024-07 言語知識 問題3
戻す,N1 2024-07 言語知識 問題3
送る,N1 2024-07 言語知識 問題3
任せる,N1 2024-07 言語知識 問題3
譲る,N1 2024-07 言語知識 問題3
すがすがしい,N1 2024-07 言語知識 問題3
ゆううつな,N1 2024-07 言語知識 問題3
爽やかな,N1 2024-07 言語知識 問題3
楽しい,N1 2024-07 言語知識 問題3
懐かしい,N1 2024-07 言語知識 問題3
工面する,N1 2024-07 言語知識 問題3
減らす,N1 2024-07 言語知識 問題3
計算する,N1 2024-07 言語知識 問題3
用意する,N1 2024-07 言語知識 問題3
支払う,N1 2024-07 言語知識 問題3
ぞんざいな,N1 2024-07 言語知識 問題3
雑な,N1 2024-07 言語知識 問題3
変な,N1 2024-07 言語知識 問題3
危険な,N1 2024-07 言語知識 問題3
強引な,N1 2024-07 言語知識 問題3
うなだれて,N1 2024-07 言語知識 問題3
ふざけた態度で,N1 2024-07 言語知識 問題3
目を閉じて,N1 2024-07 言語知識 問題3
まじめな表情で,N1 2024-07 言語知識 問題3
下を向いて,N1 2024-07 言語知識 問題3
打撃,N1 2024-07 言語知識 問題3
アクシデント,N1 2024-07 言語知識 問題3
タブー,N1 2024-07 言語知識 問題3
プレッシャー,N1 2024-07 言語知識 問題3
ダメージ,N1 2024-07 言語知識 問題3
風潮,N1 2024-07 言語知識 問題4
もたらす,N1 2024-07 言語知識 問題4
撤回,N1 2024-07 言語知識 問題4
補填,N1 2024-07 言語知識 問題4
コンスタント,N1 2024-07 言語知識 問題4
ずばり,N1 2024-07 言語知識 問題4
絶叫,N1 2024-12 言語知識 問題1
背後,N1 2024-12 言語知識 問題1
抱負,N1 2024-12 言語知識 問題1
侮って,N1 2024-12 言語知識 問題1
筋道,N1 2024-12 言語知識 問題1
奔放,N1 2024-12 言語知識 問題1
適応,N1 2024-12 言語知識 問題2
合致,N1 2024-12 言語知識 問題2
転換,N1 2024-12 言語知識 問題2
推移,N1 2024-12 言語知識 問題2
企てて,N1 2024-12 言語知識 問題2
興して,N1 2024-12 言語知識 問題2
築いて,N1 2024-12 言語知識 問題2
掲げて,N1 2024-12 言語知識 問題2
相続,N1 2024-12 言語知識 問題2
獲得,N1 2024-12 言語知識 問題2
踏襲,N1 2024-12 言語知識 問題2
伝承,N1 2024-12 言語知識 問題2
息抜き,N1 2024-12 言語知識 問題2
棚上げ,N1 2024-12 言語知識 問題2
待ち伏せ,N1 2024-12 言語知識 問題2
足止め,N1 2024-12 言語知識 問題2
めちゃめちゃ,N1 2024-12 言語知識 問題2
へとへと,N1 2024-12 言語知識 問題2
どろどろ,N1 2024-12 言語知識 問題2
ぐちゃぐちゃ,N1 2024-12 言語知識 問題2
払拭,N1 2024-12 言語知識 問題2
喪失,N1 2024-12 言語知識 問題2
破棄,N1 2024-12 言語知識 問題2
排斥,N1 2024-12 言語知識 問題2
じきに,N1 2024-12 言語知識 問題2
いまに,N1 2024-12 言語知識 問題2
とっさに,N1 2024-12 言語知識 問題2
とっくに,N1 2024-12 言語知識 問題2
手腕,N1 2024-12 言語知識 問題3
経験,N1 2024-12 言語知識 問題3
能力,N1 2024-12 言語知識 問題3
考え,N1 2024-12 言語知識 問題3
人柄,N1 2024-12 言語知識 問題3
ロスして,N1 2024-12 言語知識 問題3
間違えて,N1 2024-12 言語知識 問題3
無駄にして,N1 2024-12 言語知識 問題3
かいて,N1 2024-12 言語知識 問題3
延長して,N1 2024-12 言語知識 問題3
おろそかに,N1 2024-12 言語知識 問題3
めんどうくさ,N1 2024-12 言語知識 問題3
困難に,N1 2024-12 言語知識 問題3
遅く,N1 2024-12 言語知識 問題3
いいかげん,N1 2024-12 言語知識 問題3
目下,N1 2024-12 言語知識 問題3
最大,N1 2024-12 言語知識 問題3
将来,N1 2024-12 言語知識 問題3
今,N1 2024-12 言語知識 問題3
最低限,N1 2024-12 言語知識 問題3
請け負う,N1 2024-12 言語知識 問題3
引き受ける,N1 2024-12 言語知識 問題3
申し込む,N1 2024-12 言語知識 問題3
断る,N1 2024-12 言語知識 問題3
諦める,N1 2024-12 言語知識 問題3
進呈しました,N1 2024-12 言語知識 問題3
差し上げました,N1 2024-12 言語知識 問題3
いただきました,N1 2024-12 言語知識 問題3
お貸ししました,N1 2024-12 言語知識 問題3
お借りしました,N1 2024-12 言語知識 問題3
加工,N1 2024-12 言語知識 問題4
養う,N1 2024-12 言語知識 問題4
資質,N1 2024-12 言語知識 問題4
正当,N1 2024-12 言語知識 問題4
ありきたり,N1 2024-12 言語知識 問題4
間柄,N1 2024-12 言語知識 問題4
頑丈,N1 2025-12 言語知識 問題1
潜ん,N1 2025-12 言語知識 問題1
行政,N1 2025-12 言語知識 問題1
卓越,N1 2025-12 言語知識 問題1
芳しいない,N1 2025-12 言語知識 問題1
管轄,N1 2025-12 言語知識 問題1
一因,N1 2025-12 言語知識 問題2
一環,N1 2025-12 言語知識 問題2
部門,N1 2025-12 言語知識 問題2
部下,N1 2025-12 言語知識 問題2
プラス,N1 2025-12 言語知識 問題2
アップ,N1 2025-12 言語知識 問題2
リード,N1 2025-12 言語知識 問題2
キャッチ,N1 2025-12 言語知識 問題2
均一,N1 2025-12 言語知識 問題2
互角,N1 2025-12 言語知識 問題2
間近,N1 2025-12 言語知識 問題2
並列,N1 2025-12 言語知識 問題2
差し出す,N1 2025-12 言語知識 問題2
振りまく,N1 2025-12 言語知識 問題2
割り当てる,N1 2025-12 言語知識 問題2
引き渡す,N1 2025-12 言語知識 問題2
周到な,N1 2025-12 言語知識 問題2
強固な,N1 2025-12 言語知識 問題2
濃厚な,N1 2025-12 言語知識 問題2
果敢な,N1 2025-12 言語知識 問題2
さきごろ,N1 2025-12 言語知識 問題2
いつしか,N1 2025-12 言語知識 問題2
いまに,N1 2025-12 言語知識 問題2
ひとまず,N1 2025-12 言語知識 問題2
はらはら,N1 2025-12 言語知識 問題2
ひやひや,N1 2025-12 言語知識 問題2
おどおど,N1 2025-12 言語知識 問題2
むしゃくしゃ,N1 2025-12 言語知識 問題2
誇張して,N1 2025-12 言語知識 問題3
おおげさに,N1 2025-12 言語知識 問題3
勝手に,N1 2025-12 言語知識 問題3
自慢して,N1 2025-12 言語知識 問題3
いらいらして,N1 2025-12 言語知識 問題3
ひそかに,N1 2025-12 言語知識 問題3
ずっと,N1 2025-12 言語知識 問題3
しっかり,N1 2025-12 言語知識 問題3
こっそり,N1 2025-12 言語知識 問題3
すでに,N1 2025-12 言語知識 問題3
試練,N1 2025-12 言語知識 問題3
苦難,N1 2025-12 言語知識 問題3
競争,N1 2025-12 言語知識 問題3
支援,N1 2025-12 言語知識 問題3
反省,N1 2025-12 言語知識 問題3
うろたえる,N1 2025-12 言語知識 問題3
落ち込む,N1 2025-12 言語知識 問題3
慌てる,N1 2025-12 言語知識 問題3
威張る,N1 2025-12 言語知識 問題3
悔しがる,N1 2025-12 言語知識 問題3
当面,N1 2025-12 言語知識 問題3
絶対,N1 2025-12 言語知識 問題3
しばらく,N1 2025-12 言語知識 問題3
あまり,N1 2025-12 言語知識 問題3
ひとまず,N1 2025-12 言語知識 問題3
自前である,N1 2025-12 言語知識 問題3
自分で買う,N1 2025-12 言語知識 問題3
自分で決める,N1 2025-12 言語知識 問題3
自分でデザインする,N1 2025-12 言語知識 問題3
自分でチェックする,N1 2025-12 言語知識 問題3
運用,N1 2025-12 言語知識 問題4
抜き打ち,N1 2025-12 言語知識 問題4
かすれる,N1 2025-12 言語知識 問題4
緻密,N1 2025-12 言語知識 問題4
迫力,N1 2025-12 言語知識 問題4
目まくるしい,N1 2025-12 言語知識 問題4
